공지번호,등록일시,제목,대응패치,배포일,적용일시,DLL수,SQL수,대사상태
80,2026-05-08 11:37:42,[202601]세무회계 부가세 패치가 정상적으로 적용되었습니다.,1032,2026-01-07,2026-05-08 11:37:42,2,2,대사됨
82,2026-05-08 11:38:04,[2026-03-18]세무회계 원천세 패치가 정상적으로 적용되었습니다.,"1049,1050",2026-03-18 / 2026-03-19,2026-05-08 11:38:03 / 2026-05-08 11:38:14,11,56,대사됨
83,2026-05-08 11:38:15,[2026-03-30]세무회계 원천세 패치가 정상적으로 적용되었습니다.,1052,2026-03-30,2026-05-08 11:38:16,0,3,대사됨
84,2026-05-08 11:38:16,[2026-04-07]세무회계 원천세 패치가 정상적으로 적용되었습니다.,1057,2026-04-07,2026-05-08 11:38:17,2,2,대사됨
85,2026-05-08 11:38:17,[2026-04-08]세무회계 원천세 패치가 정상적으로 적용되었습니다.,1060,2026-04-08,2026-05-08 11:38:17,0,1,대사됨
86,2026-05-08 11:38:21,[202604]세무회계 부가세 패치가 정상적으로 적용되었습니다.,1062,2026-04-09,2026-05-08 11:38:21,4,9,대사됨
87,2026-05-29 04:07:40,[2026-05-28]세무회계 원천세 패치가 정상적으로 적용되었습니다.,1066,2026-05-28,2026-05-29 04:07:45,7,16,대사됨
88,2026-06-05 04:07:48,[2026-06-04]세무회계 원천세 패치가 정상적으로 적용되었습니다.,1068,2026-06-04,2026-06-05 04:07:49,1,3,대사됨
89,2026-06-11 04:07:58,[2026-06-10]세무회계 원천세 패치가 정상적으로 적용되었습니다.,1070,2026-06-10,2026-06-11 04:07:58,1,1,대사됨
90,2026-07-09 04:08:18,[2026-07-08]세무회계 원천세 패치가 정상적으로 적용되었습니다.,1073,2026-07-08,2026-07-09 04:08:20,1,8,대사됨
91,2026-07-21 04:08:28,[202607]세무회계 부가세 패치가 정상적으로 적용되었습니다.,1075,2026-07-20,2026-07-21 04:08:28,3,1,대사됨
92,2026-09-17 04:09:07,[2026-09-16]세무회계 원천세 패치가 정상적으로 적용되었습니다.,1080,2026-09-16,2026-09-17 04:09:09,4,6,대사됨
