패치번호,배포일,패치유형,대상DB,패치명,DLL수,SQL수,적용일시,적용결과,미대사사유
1025,2026-01-02,YearEnd,연말정산DB,[연말정산] 2026년 01월 02일 2025 귀속 연말정산 패치,0,417,2026-01-27 11:08:42,정상,연말정산DB 전용 패치 — JEILMNS 공지 대상 아님
1026,2026-01-02,YearEnd,연말정산DB,[연말정산] 2026년 01월 02일 2025 귀속 연말정산  2026귀속메뉴 패치,0,34,2026-01-27 11:08:49,정상,연말정산DB 전용 패치 — JEILMNS 공지 대상 아님
1027,2026-01-05,YearEnd,연말정산DB,[연말정산] 2026년 01월 05일 2025 귀속 연말정산 패치,0,6,2026-01-27 11:08:50,정상,연말정산DB 전용 패치 — JEILMNS 공지 대상 아님
1028,2026-01-05,YearEnd,연말정산DB,[연말정산] 2026년 01월 05일 2025 귀속 연말정산 2차 패치,0,4,2026-01-27 11:08:51,정상,연말정산DB 전용 패치 — JEILMNS 공지 대상 아님
1029,2026-01-07,YearEnd,연말정산DB,[연말정산] 2026년 01월07일 2025 귀속 연말정산 시스템 패치,0,0,2026-01-27 11:08:51,정상,연말정산DB 전용 패치 — JEILMNS 공지 대상 아님
1030,2026-01-07,YearEnd,연말정산DB,[연말정산] 2026년 01월07일 2025 귀속 연말정산 패치,0,8,2026-01-27 11:08:52,정상,연말정산DB 전용 패치 — JEILMNS 공지 대상 아님
1033,2026-01-14,YearEnd,연말정산DB,[연말정산] 2026년 01월 14일 2025 귀속 연말정산 시스템 패치,0,0,2026-01-27 11:08:52,정상,연말정산DB 전용 패치 — JEILMNS 공지 대상 아님
1034,2026-01-14,YearEnd,연말정산DB,[연말정산] 2026년 01월 14일 2025 귀속 연말정산 패치,0,8,2026-01-27 11:08:54,정상,연말정산DB 전용 패치 — JEILMNS 공지 대상 아님
1035,2026-01-14,YearEnd,연말정산DB,[연말정산] 2026년 01월 14일 2025 귀속 연말정산 패치2,0,1,2026-01-27 11:08:54,정상,연말정산DB 전용 패치 — JEILMNS 공지 대상 아님
1036,2026-01-15,YearEnd,연말정산DB,[연말정산] 2026년 01월 15일 2025 귀속 연말정산 패치,0,1,2026-01-27 11:08:54,정상,연말정산DB 전용 패치 — JEILMNS 공지 대상 아님
1037,2026-01-21,YearEnd,연말정산DB,[연말정산] 2026년 01월 21일 2025 귀속 연말정산 패치,0,9,2026-01-27 11:08:56,정상,연말정산DB 전용 패치 — JEILMNS 공지 대상 아님
1038,2026-01-28,YearEnd,연말정산DB,[연말정산] 2026년 01월 28일 2025 귀속 연말정산 시스템 패치,0,0,2026-01-29 00:00:24,정상,연말정산DB 전용 패치 — JEILMNS 공지 대상 아님
1040,2026-01-28,YearEnd,혼합,[연말정산] 2026년 01월 28일 2025 귀속 연말정산 패치,0,13,2026-01-29 00:00:26,정상,연말정산 혼합 패치 — JEILMNS 공지 미등록
1041,2026-02-04,YearEnd,연말정산DB,[연말정산] 2026년 02월 04일 2025 귀속 연말정산 패치,0,9,2026-02-05 00:00:07,정상,연말정산DB 전용 패치 — JEILMNS 공지 대상 아님
1042,2026-02-11,YearEnd,연말정산DB,[연말정산] 2026년 02월 11일 2025 귀속 연말정산 패치,0,7,2026-02-12 00:00:53,정상,연말정산DB 전용 패치 — JEILMNS 공지 대상 아님
1043,2026-02-19,YearEnd,연말정산DB,[연말정산] 2026년 02월 19일 2025 귀속 연말정산 패치,0,8,2026-02-20 00:00:44,정상,연말정산DB 전용 패치 — JEILMNS 공지 대상 아님
1044,2026-02-25,YearEnd,연말정산DB,[연말정산] 2026년 02월 25일 2025 귀속 연말정산 패치,0,8,2026-02-26 00:00:11,정상,연말정산DB 전용 패치 — JEILMNS 공지 대상 아님
1045,2026-03-04,YearEnd,연말정산DB,[연말정산] 2026년 03월 04일 2025 귀속 연말정산 패치,0,8,2026-03-05 00:01:09,정상,연말정산DB 전용 패치 — JEILMNS 공지 대상 아님
1046,2026-03-11,YearEnd,연말정산DB,[연말정산] 2026년 03월 11일 2025 귀속 연말정산 패치,0,5,2026-03-12 00:00:54,정상,연말정산DB 전용 패치 — JEILMNS 공지 대상 아님
1054,2026-03-31,BIZENTRO,JEILMNS,[원천세][v6x]원천세 패치 사항,0,1,2026-05-08 11:38:16,정상,패치에 공지등록 SQL이 없음
1063,2026-05-13,YearEnd,연말정산DB,[연말정산] 2026년 05월 13일 2026 귀속 연말정산 패치,0,12,2026-05-14 00:01:02,정상,연말정산DB 전용 패치 — JEILMNS 공지 대상 아님
1064,2026-05-14,YearEnd,연말정산DB,[연말정산] 2026년 05월 14일 2026 귀속 연말정산 패치,0,7,2026-05-15 00:01:02,정상,연말정산DB 전용 패치 — JEILMNS 공지 대상 아님
1071,2026-07-01,YearEnd,연말정산DB,[연말정산] 2026년 07월 01일 2026 귀속 연말정산 패치,0,17,2026-07-02 00:00:54,정상,연말정산DB 전용 패치 — JEILMNS 공지 대상 아님
1076,2026-08-05,YearEnd,혼합,[연말정산] 2026년 08월 05일 2026 귀속 연말정산 패치,0,21,2026-08-06 00:00:27,정상,연말정산 혼합 패치 — JEILMNS 공지 미등록
1077,2026-08-06,YearEnd,연말정산DB,[연말정산] 2026년 08월 06일 2026 귀속 연말정산 패치,0,2,2026-08-07 00:01:20,정상,연말정산DB 전용 패치 — JEILMNS 공지 대상 아님
1078,2026-08-19,YearEnd,연말정산DB,[연말정산] 2026년 08월 19일 2026 귀속 연말정산 패치,0,2,2026-08-20 00:00:55,정상,연말정산DB 전용 패치 — JEILMNS 공지 대상 아님
