공지번호,등록일시,제목,구분,작성자,매칭키,대응패치,대응패치수,배포일,적용일시,DLL수,SQL수,대사상태,본문
80,2026-05-08 11:37:42,[202601]세무회계 부가세 패치가 정상적으로 적용되었습니다.,부가세,PATCHMAN,202601,1032,1,2026-01-07,2026-05-08 11:37:42,2,2,대사됨,※ 패치내역  1. 세금신고사업장등록(TX102MA1) - 세무대리인관리번호 입력 필드 추가  2. 전자신고생성(TX604MA1) - 세무대리인관리번호 추가로 인한 레코드 생성 로직 변경  3. 일반과세자부가가치세신고서(TX601MA1) - 출력물에 세무대리인관리번호 가져오도록 개선  
82,2026-05-08 11:38:04,[2026-03-18]세무회계 원천세 패치가 정상적으로 적용되었습니다.,원천세,PATCHMAN,20260318,"1049,1050",2,2026-03-18 / 2026-03-19,2026-05-08 11:38:03 / 2026-05-08 11:38:14,11,56,대사됨,※ 주요패치내역  1) 원천세 이행상황신고서 소득구분항목 추가(본표) : 적용시작~종료일자(2026.1.30 ~ 9999.12.31)       *  사업소득 - 연말정산 - 합계(A26)       *  사업소득 - 연말정산 - 분납금액(A27)       *  사업소득 - 연말정산 - 납부금액(A28)    2) 원천세 이행상황신고서 소득구분항목 추가(부표) : 적용시작~종료일자(2026.1.30 ~ 9999.12.31)       * 거주자(개인) - 이자배당소득 - 비과세소득 - (C98)청년도약계좌       * 거주자(개인) - 이자배당소득 - 비과세소득 - (C99)청년미래적금       * 거주자(개인) - 이자배당소득 - 세금우대 - (CA1)조합 등 예탁금(5%)       * 거주자(개인) - 이자배당소득 - 세금우대 - (CA2)조합 등 출자금(5%)       * 거주자(개인) - 이자배당소득 - 세금우대 - (CA3)조합 등 예탁금(9%)       * 거주자(개인) - 이자배당소득 - 세금우대 - (CA4)조합 등 출자금(9%)       * 거주자(개인) - 이자배당소득 - 일반세율(14%)분리과세 -  (CA5)개인투자용국채 3) 화성시 행정구역 개편에 따른 법정동코드 변경 (2026.2.1.부터 적용) 4) 주민세종업원분 육아휴직대체근무인력과세제외(2026년개정)      
83,2026-05-08 11:38:15,[2026-03-30]세무회계 원천세 패치가 정상적으로 적용되었습니다.,원천세,PATCHMAN,20260330,1052,1,2026-03-30,2026-05-08 11:38:16,0,3,대사됨,※ 주요패치내역  1.  주민세(종업원분)자동생성  2.  원천징수이행상황신고저장 3.  원천징수이행상황신고출력   4.  사업기타소득영수증출력-이자배당  
84,2026-05-08 11:38:16,[2026-04-07]세무회계 원천세 패치가 정상적으로 적용되었습니다.,원천세,PATCHMAN,20260407,1057,1,2026-04-07,2026-05-08 11:38:17,2,2,대사됨,※ 주요패치내역  [공통]  1. 원천징수이행상황신고부표: 저장 시 인덱스오류 관련  2. 기타소득정보등록: 과거자료 필요경비세율컬럼 빈값 =>  0  처리    [V5.x]  1. 원천징수이행상황신고: 화면디자인개선(A99 이하 보이지않는현상)   [V6.x]   1. 사업소득정보등록:저장구문 개선 
85,2026-05-08 11:38:17,[2026-04-08]세무회계 원천세 패치가 정상적으로 적용되었습니다.,원천세,PATCHMAN,20260408,1060,1,2026-04-08,2026-05-08 11:38:17,0,1,대사됨,※ 주요패치내역  [공통]  1. 원천징수이행상황신고부표: 출력물 개인투자용국책 CA5 코드에 총지급액 오류 개선 
86,2026-05-08 11:38:21,[202604]세무회계 부가세 패치가 정상적으로 적용되었습니다.,부가세,PATCHMAN,202604,1062,1,2026-04-09,2026-05-08 11:38:21,4,9,대사됨,"※ 패치내역  1. 현금매출명세(TX312MA1) - 기존 세부내역에 ""세금계산서발행여부"" 필드 추가 - 미디어 콘텐츠 창작업 입력란 추가  2. 일반과세자부가가치세신고서(TX601MA1) - 세금계산서 가공발급 및 수취 등 가산세 입력 필드 추가  3. 공제받지못할매입세액명세서(TX304MA1) - 불공제사유구분명 변경 (접대비 -> 기업업무추진비)  "
87,2026-05-29 04:07:40,[2026-05-28]세무회계 원천세 패치가 정상적으로 적용되었습니다.,원천세,PATCHMAN,20260528,1066,1,2026-05-28,2026-05-29 04:07:45,7,16,대사됨,"※ 주요패치내역  [공통]  1. 지방소득세특별징수분납부/신고서: 마감기능 추가   2. 년도별개인사업소득조회및출력(TJ209OA1_1, TJ209OA1_2) 법인세 출력되도록 개선 3. 사업기타소득자등록시, 비거주자소득구분에 따른 과세구분(세율) 등록가능  4. 원천징수이행상황부표  자동생성항목 추가      "
88,2026-06-05 04:07:48,[2026-06-04]세무회계 원천세 패치가 정상적으로 적용되었습니다.,원천세,PATCHMAN,20260604,1068,1,2026-06-04,2026-06-05 04:07:49,1,3,대사됨,"※ 주요패치내역  [공통]  1. 지방소득세특별징수분납부/신고서: 상단그리드 가감조정액 표시로 원복     (2026.05.28 패치 시, 상단그리드 가감조정액 미표시적용)    "
89,2026-06-11 04:07:58,[2026-06-10]세무회계 원천세 패치가 정상적으로 적용되었습니다.,원천세,PATCHMAN,20260610,1070,1,2026-06-10,2026-06-11 04:07:58,1,1,대사됨,"※ 주요패치내역  [5.x] 지방소득세(특별징수분)납부/신고서 : 파일생성    현재) 왼쪽 사업장 선택하는 대로 파일생성을 사업장별로 각각 해야함.   (2026.05.28일 패치 시, 일괄납부여부 조건 없앰으로 인한 현상)    개선) 상단 신고사업장  선택하지 않으면, 전체 사업장에 대해 일괄생성 상단 신고사업장 선택하면 선택한 사업장에 대해서만 파일 생성   "
90,2026-07-09 04:08:18,[2026-07-08]세무회계 원천세 패치가 정상적으로 적용되었습니다.,원천세,PATCHMAN,20260708,1073,1,2026-07-08,2026-07-09 04:08:20,1,8,대사됨,※ 주요패치내역  [공통] 1.  지방소득세(특별징수분)납부/신고서 현재) 상단 계 : 가감조정액이 반영된 값으로 관리됨  개선) 상단 계 : 가감조정액을 반영하지 않은 소득의 주민세 합계로 관리   2. 법정동코드변경   - 전남광주통합특별시 출범에 따른 자치단체 코드 변경  - 인천광역시 행정체제 개편에 따른 자치단체 코드 변경  
91,2026-07-21 04:08:28,[202607]세무회계 부가세 패치가 정상적으로 적용되었습니다.,부가세,PATCHMAN,202607,1075,1,2026-07-20,2026-07-21 04:08:28,3,1,대사됨,"※ 패치내역  1. 일반과세자부가가치세신고서(TX601MA1) - 전자신고 세액공제 금액 변경(1만원 → 5천원) 4월 이후 폐업자 확정신고 부터 적용 2. 현금매출명세(TX312MA1) - 세금계산서(건수, 금액)은 매출처별 세금계산서합계표 주민번호 발행분(건수, 금액) 한도내에서만 입력 가능  "
92,2026-09-17 04:09:07,[2026-09-16]세무회계 원천세 패치가 정상적으로 적용되었습니다.,원천세,PATCHMAN,20260916,1080,1,2026-09-16,2026-09-17 04:09:09,4,6,대사됨,"※ 주요패치내역  [공통] 1.  지방소득세특별징수분   =============================================================== 상단계 : 과세표준액과 주민세액(조정세액)  = 가감조정액을 반영한 금액으로 처리    2026.07.08일자 패치 시   상단계 주민세 액은  가감조정액을 반영하지 않은 금액으로 관리하도록 변경된 내용이   과세표준액 계( 가감조정액 포함금액),  주민세액 계(가감조정액 미포함금액) 이 되어,    조회시 혼란이 야기되고 있어,  해당 금액을 기존대로 원복조치합니다.    상단계 :  과세표준액계 과,  주민세액계  모두 가감조정액 반영된 금액으로 조회   Z07  ===============================================================  2. 기타소득영수증 : 2018년이전  출력물 개선  3. 사업기타소득자등록: 과세구분  미표시 개선     "
