배포일,패치번호,패치유형,대상DB,구분,모듈,적용순서,파일명,파일수정일,적용일시,대응공지,대사상태,비고
2026-01-07,1032,BIZENTRO,JEILMNS,UI,TAX,,Bizentro.App.UI.TAX.TX102MA1.dll,2025-12-30 11:48:02,2026-05-08 11:37:42,80,대사됨,
2026-01-07,1032,BIZENTRO,JEILMNS,UI,TAX,,Bizentro.App.UI.TAX.TX604MA1.dll,2025-12-30 11:53:48,2026-05-08 11:37:42,80,대사됨,
2026-03-18,1049,BIZENTRO,JEILMNS,BL,,,Bizentro.App.BL.TAX.TJ204MA1.dll,2025-05-30 13:58:27,2026-05-08 11:38:03,82,대사됨,
2026-03-18,1049,BIZENTRO,JEILMNS,UI,TAX,,Bizentro.App.UI.TAX.TH101BA3.dll,2026-03-11 11:13:15,2026-05-08 11:38:03,82,대사됨,
2026-03-18,1049,BIZENTRO,JEILMNS,UI,TAX,,Bizentro.App.UI.TAX.TH105OA1.dll,2026-03-06 16:54:11,2026-05-08 11:38:03,82,대사됨,
2026-03-18,1049,BIZENTRO,JEILMNS,UI,TAX,,Bizentro.App.UI.TAX.TJ102MA1.dll,2025-11-05 16:37:50,2026-05-08 11:38:03,82,대사됨,
2026-03-18,1049,BIZENTRO,JEILMNS,UI,TAX,,Bizentro.App.UI.TAX.TJ102MA2.dll,2025-06-02 14:54:26,2026-05-08 11:38:03,82,대사됨,
2026-03-18,1049,BIZENTRO,JEILMNS,UI,TAX,,Bizentro.App.UI.TAX.TJ103MA1.dll,2025-04-21 10:07:18,2026-05-08 11:38:03,82,대사됨,
2026-03-18,1049,BIZENTRO,JEILMNS,UI,TAX,,Bizentro.App.UI.TAX.TJ104MA1.dll,2025-04-21 10:07:12,2026-05-08 11:38:03,82,대사됨,
2026-03-18,1049,BIZENTRO,JEILMNS,UI,TAX,,Bizentro.App.UI.TAX.TJ203MA2.dll,2026-03-17 11:35:22,2026-05-08 11:38:03,82,대사됨,
2026-03-18,1049,BIZENTRO,JEILMNS,UI,TAX,,Bizentro.App.UI.TAX.TJ204MA1.dll,2026-01-08 11:12:58,2026-05-08 11:38:03,82,대사됨,
2026-03-18,1049,BIZENTRO,JEILMNS,UI,TAX,,Bizentro.App.UI.TAX.TJ204MA2.dll,2026-01-08 11:39:31,2026-05-08 11:38:03,82,대사됨,
2026-03-18,1049,BIZENTRO,JEILMNS,UI,TAX,,Bizentro.App.UI.TAX.TJ207OA1.dll,2022-10-21 11:15:49,2026-05-08 11:38:03,82,대사됨,
2026-04-07,1057,BIZENTRO,JEILMNS,UI,TAX,,Bizentro.App.UI.TAX.TH102MA1.dll,2026-03-17 17:29:36,2026-05-08 11:38:17,84,대사됨,
2026-04-07,1057,BIZENTRO,JEILMNS,UI,TAX,,Bizentro.App.UI.TAX.TJ203MA2.dll,2026-04-01 13:57:44,2026-05-08 11:38:17,84,대사됨,
2026-04-09,1062,BIZENTRO,JEILMNS,UI,TAX,,Bizentro.App.UI.TAX.TX304MA1.dll,2026-02-25 15:56:43,2026-05-08 11:38:21,86,대사됨,
2026-04-09,1062,BIZENTRO,JEILMNS,UI,TAX,,Bizentro.App.UI.TAX.TX312MA1.dll,2026-03-31 10:32:09,2026-05-08 11:38:21,86,대사됨,
2026-04-09,1062,BIZENTRO,JEILMNS,UI,TAX,,Bizentro.App.UI.TAX.TX601MA1.dll,2026-03-31 11:05:56,2026-05-08 11:38:21,86,대사됨,
2026-04-09,1062,BIZENTRO,JEILMNS,UI,TAX,,Bizentro.App.UI.TAX.TX604MA1.dll,2026-03-31 10:41:31,2026-05-08 11:38:21,86,대사됨,
2026-05-28,1066,BIZENTRO,JEILMNS,UI,TAX,,Bizentro.App.UI.TAX.TH101BA3.dll,2026-04-07 16:32:49,2026-05-29 04:07:45,87,대사됨,
2026-05-28,1066,BIZENTRO,JEILMNS,UI,TAX,,Bizentro.App.UI.TAX.TH105OA1.dll,2026-05-28 16:00:43,2026-05-29 04:07:45,87,대사됨,
2026-05-28,1066,BIZENTRO,JEILMNS,UI,TAX,,Bizentro.App.UI.TAX.TJ102MA1.dll,2026-05-20 11:37:01,2026-05-29 04:07:45,87,대사됨,
2026-05-28,1066,BIZENTRO,JEILMNS,UI,TAX,,Bizentro.App.UI.TAX.TJ102MA2.dll,2026-05-19 14:55:22,2026-05-29 04:07:45,87,대사됨,
2026-05-28,1066,BIZENTRO,JEILMNS,UI,TAX,,Bizentro.App.UI.TAX.TJ203MA2.dll,2026-04-14 15:02:44,2026-05-29 04:07:45,87,대사됨,
2026-05-28,1066,BIZENTRO,JEILMNS,UI,TAX,,Bizentro.App.UI.TAX.TJ204MA1.dll,2026-04-28 15:21:44,2026-05-29 04:07:45,87,대사됨,
2026-05-28,1066,BIZENTRO,JEILMNS,UI,TAX,,Bizentro.App.UI.TAX.TJ206OA1.dll,2026-04-27 15:39:07,2026-05-29 04:07:45,87,대사됨,
2026-06-04,1068,BIZENTRO,JEILMNS,UI,TAX,,Bizentro.App.UI.TAX.TH105OA1.dll,2026-06-02 17:40:12,2026-06-05 04:07:49,88,대사됨,
2026-06-10,1070,BIZENTRO,JEILMNS,UI,TAX,,Bizentro.App.UI.TAX.TH105OA1.dll,2026-06-10 15:53:01,2026-06-11 04:07:58,89,대사됨,
2026-07-08,1073,BIZENTRO,JEILMNS,UI,TAX,,Bizentro.App.UI.TAX.TH105OA1.dll,2026-06-10 17:53:33,2026-07-09 04:08:20,90,대사됨,
2026-07-20,1075,BIZENTRO,JEILMNS,UI,TAX,,Bizentro.App.UI.TAX.TX312MA1.dll,2026-07-01 14:01:40,2026-07-21 04:08:28,91,대사됨,
2026-07-20,1075,BIZENTRO,JEILMNS,UI,TAX,,Bizentro.App.UI.TAX.TX601MA1.dll,2026-07-15 14:38:12,2026-07-21 04:08:28,91,대사됨,
2026-07-20,1075,BIZENTRO,JEILMNS,UI,TAX,,Bizentro.App.UI.TAX.TX604MA1.dll,2026-07-15 14:43:25,2026-07-21 04:08:28,91,대사됨,
2026-09-16,1080,BIZENTRO,JEILMNS,UI,TAX,,Bizentro.App.UI.TAX.TH105OA1.dll,2026-08-19 14:24:51,2026-09-17 04:09:09,92,대사됨,
2026-09-16,1080,BIZENTRO,JEILMNS,UI,TAX,,Bizentro.App.UI.TAX.TJ102MA1.dll,2026-09-16 16:04:57,2026-09-17 04:09:09,92,대사됨,
2026-09-16,1080,BIZENTRO,JEILMNS,UI,TAX,,Bizentro.App.UI.TAX.TJ102MA2.dll,2026-09-16 15:38:25,2026-09-17 04:09:09,92,대사됨,
2026-09-16,1080,BIZENTRO,JEILMNS,UI,TAX,,Bizentro.App.UI.TAX.TJ204MA1.dll,2026-09-16 15:24:39,2026-09-17 04:09:09,92,대사됨,
