패치번호,배포일,패치버전,패치유형,대상DB,패치명,확정여부,DLL수,SQL수,기타수,파일수,적용일시,지연일,적용결과,대응공지,대사상태,미대사사유,화면검증,패치내용
1025,2026-01-02,PAT260102_162429_999_999,YearEnd,연말정산DB,[연말정산] 2026년 01월 02일 2025 귀속 연말정산 패치,확정,0,417,1,418,2026-01-27 11:08:42,25,정상,,공지없음,연말정산DB 전용 패치 — JEILMNS 공지 대상 아님,일치,"[연말정산] 2026년 01월 02일 2025 귀속 연말정산 패치
[MD5]: C5DFAAF149AE3D068E802E350DC77767"
1026,2026-01-02,PAT260102_162919_999_999,YearEnd,연말정산DB,[연말정산] 2026년 01월 02일 2025 귀속 연말정산  2026귀속메뉴 패치,확정,0,34,1,35,2026-01-27 11:08:49,25,정상,,공지없음,연말정산DB 전용 패치 — JEILMNS 공지 대상 아님,일치,"[연말정산] 2026년 01월 02일 2025 귀속 연말정산  2026귀속메뉴 패치
[MD5]: 4291037F6643F872262A7F33A7A2E49B"
1027,2026-01-05,PAT260105_174632_999_999,YearEnd,연말정산DB,[연말정산] 2026년 01월 05일 2025 귀속 연말정산 패치,확정,0,6,1,7,2026-01-27 11:08:50,22,정상,,공지없음,연말정산DB 전용 패치 — JEILMNS 공지 대상 아님,일치,"[연말정산] 2026년 01월 05일 2025 귀속 연말정산 패치
[MD5]: B617B1FF97B18658B2A99038A086EC0C"
1028,2026-01-05,PAT260105_192116_999_999,YearEnd,연말정산DB,[연말정산] 2026년 01월 05일 2025 귀속 연말정산 2차 패치,확정,0,4,1,5,2026-01-27 11:08:51,22,정상,,공지없음,연말정산DB 전용 패치 — JEILMNS 공지 대상 아님,일치,"[연말정산] 2026년 01월 05일 2025 귀속 연말정산 2차 패치
[MD5]: 95F466F56E6C0D5A8817A8159DAD9AAD"
1029,2026-01-07,PAT260107_164519_999_999,YearEnd,연말정산DB,[연말정산] 2026년 01월07일 2025 귀속 연말정산 시스템 패치,확정,0,0,1,1,2026-01-27 11:08:51,20,정상,,공지없음,연말정산DB 전용 패치 — JEILMNS 공지 대상 아님,일치,"[연말정산] 2026년 01월07일 2025 귀속 연말정산 시스템 패치
[MD5]: B58A10ABFC0933B872F76BE03800F38C"
1030,2026-01-07,PAT260107_164745_999_999,YearEnd,연말정산DB,[연말정산] 2026년 01월07일 2025 귀속 연말정산 패치,확정,0,8,1,9,2026-01-27 11:08:52,20,정상,,공지없음,연말정산DB 전용 패치 — JEILMNS 공지 대상 아님,일치,"[연말정산] 2026년 01월07일 2025 귀속 연말정산 패치
[MD5]: D3DBD5A3C63D455CEAB7F58004368DA4"
1032,2026-01-07,PAT260107_185337_0000_9999,BIZENTRO,JEILMNS,[세무부가세] 202601 세금신고사업장등록의 세무대리인관리번호 필드 추가건_V5.6,확정,2,2,1,5,2026-05-08 11:37:42,121,오류추정,80,대사됨,,일치,"※ 패치내역
1. 세금신고사업장등록(TX102MA1)
- 세무대리인관리번호 입력 필드 추가
2. 전자신고생성(TX604MA1)
- 세무대리인관리번호 추가로 인한 레코드 생성 로직 변경
3. 일반과세자부가가치세신고서(TX601MA1)
- 출력물에 세무대리인관리번호 가져오도록 개선
[MD5]: E6DED6D1675DD13A43039F6A31E16397"
1033,2026-01-14,PAT260114_171051_999_999,YearEnd,연말정산DB,[연말정산] 2026년 01월 14일 2025 귀속 연말정산 시스템 패치,확정,0,0,1,1,2026-01-27 11:08:52,13,정상,,공지없음,연말정산DB 전용 패치 — JEILMNS 공지 대상 아님,일치,"[연말정산] 2026년 01월 14일 2025 귀속 연말정산 시스템 패치
[MD5]: 697FDE6AA1BFF8A93820157532522AC0"
1034,2026-01-14,PAT260114_171227_999_999,YearEnd,연말정산DB,[연말정산] 2026년 01월 14일 2025 귀속 연말정산 패치,확정,0,8,1,9,2026-01-27 11:08:54,13,정상,,공지없음,연말정산DB 전용 패치 — JEILMNS 공지 대상 아님,일치,"[연말정산] 2026년 01월 14일 2025 귀속 연말정산 패치
[MD5]: 642D97C77E0BF233E520220A09999BF1"
1035,2026-01-14,PAT260114_182640_999_999,YearEnd,연말정산DB,[연말정산] 2026년 01월 14일 2025 귀속 연말정산 패치2,확정,0,1,0,1,2026-01-27 11:08:54,13,정상,,공지없음,연말정산DB 전용 패치 — JEILMNS 공지 대상 아님,일치,"[연말정산] 2026년 01월 14일 2025 귀속 연말정산 패치2
[MD5]: D53B73C09345D6DF1C840D40C75DCC29"
1036,2026-01-15,PAT260115_093509_999_999,YearEnd,연말정산DB,[연말정산] 2026년 01월 15일 2025 귀속 연말정산 패치,확정,0,1,1,2,2026-01-27 11:08:54,12,정상,,공지없음,연말정산DB 전용 패치 — JEILMNS 공지 대상 아님,일치,"[연말정산] 2026년 01월 15일 2025 귀속 연말정산 패치
[MD5]: CBBC444752DAA990525190ABB349905B"
1037,2026-01-21,PAT260121_172831_999_999,YearEnd,연말정산DB,[연말정산] 2026년 01월 21일 2025 귀속 연말정산 패치,확정,0,9,1,10,2026-01-27 11:08:56,6,정상,,공지없음,연말정산DB 전용 패치 — JEILMNS 공지 대상 아님,일치,"[연말정산] 2026년 01월 21일 2025 귀속 연말정산 패치
[MD5]: 271692F39DE115FD637C4BB547BD4A38"
1038,2026-01-28,PAT260128_171910_999_999,YearEnd,연말정산DB,[연말정산] 2026년 01월 28일 2025 귀속 연말정산 시스템 패치,확정,0,0,1,1,2026-01-29 00:00:24,1,정상,,공지없음,연말정산DB 전용 패치 — JEILMNS 공지 대상 아님,일치,"[연말정산] 2026년 01월 28일 2025 귀속 연말정산 시스템 패치
[MD5]: BC60506F0DAFF3E40638B3374466C6E1"
1040,2026-01-28,PAT260128_181526_999_999,YearEnd,혼합,[연말정산] 2026년 01월 28일 2025 귀속 연말정산 패치,확정,0,13,1,14,2026-01-29 00:00:26,1,정상,,공지없음,연말정산 혼합 패치 — JEILMNS 공지 미등록,일치,"[연말정산] 2026년 01월 28일 2025 귀속 연말정산 패치
[MD5]: 4D123A8667E492028A7E7531F1353F12"
1041,2026-02-04,PAT260204_172040_999_999,YearEnd,연말정산DB,[연말정산] 2026년 02월 04일 2025 귀속 연말정산 패치,확정,0,9,1,10,2026-02-05 00:00:07,1,정상,,공지없음,연말정산DB 전용 패치 — JEILMNS 공지 대상 아님,일치,"[연말정산] 2026년 02월 04일 2025 귀속 연말정산 패치
[MD5]: 02EE5661A59D7294B784EF0D69AF3836"
1042,2026-02-11,PAT260211_171803_999_999,YearEnd,연말정산DB,[연말정산] 2026년 02월 11일 2025 귀속 연말정산 패치,확정,0,7,1,8,2026-02-12 00:00:53,1,정상,,공지없음,연말정산DB 전용 패치 — JEILMNS 공지 대상 아님,일치,"[연말정산] 2026년 02월 11일 2025 귀속 연말정산 패치
[MD5]: 2641970F30C79EE101ABF3FE8A6AC2EF"
1043,2026-02-19,PAT260219_164629_999_999,YearEnd,연말정산DB,[연말정산] 2026년 02월 19일 2025 귀속 연말정산 패치,확정,0,8,1,9,2026-02-20 00:00:44,1,정상,,공지없음,연말정산DB 전용 패치 — JEILMNS 공지 대상 아님,일치,"[연말정산] 2026년 02월 19일 2025 귀속 연말정산 패치
[MD5]: 50019B702102819D84A0CF1291C086B2"
1044,2026-02-25,PAT260225_172715_999_999,YearEnd,연말정산DB,[연말정산] 2026년 02월 25일 2025 귀속 연말정산 패치,확정,0,8,1,9,2026-02-26 00:00:11,1,정상,,공지없음,연말정산DB 전용 패치 — JEILMNS 공지 대상 아님,일치,"[연말정산] 2026년 02월 25일 2025 귀속 연말정산 패치
[MD5]: E6ED98758B58459C9294C4F83472B8F7"
1045,2026-03-04,PAT260304_163450_999_999,YearEnd,연말정산DB,[연말정산] 2026년 03월 04일 2025 귀속 연말정산 패치,확정,0,8,1,9,2026-03-05 00:01:09,1,정상,,공지없음,연말정산DB 전용 패치 — JEILMNS 공지 대상 아님,일치,"[연말정산] 2026년 03월 04일 2025 귀속 연말정산 패치
[MD5]: A41DD88F99133C8D8C612B836295351A"
1046,2026-03-11,PAT260311_172007_999_999,YearEnd,연말정산DB,[연말정산] 2026년 03월 11일 2025 귀속 연말정산 패치,확정,0,5,1,6,2026-03-12 00:00:54,1,정상,,공지없음,연말정산DB 전용 패치 — JEILMNS 공지 대상 아님,일치,"[연말정산] 2026년 03월 11일 2025 귀속 연말정산 패치
[MD5]: 541FF96C9365A0947B14353D25151610"
1049,2026-03-18,PAT260318_185257_0000_9999,BIZENTRO,JEILMNS,[원천세][v6x]원천세 패치 사항,확정,11,28,2,41,2026-05-08 11:38:03,51,오류추정,82,대사됨,,일치,"[v6x]
1) 원천세 이행상황신고서 소득구분항목 추가(본표) : 적용시작~종료일자(2026.1.30 ~ 9999.12.31)
      *  사업소득 - 연말정산 - 합계(A26)
      *  사업소득 - 연말정산 - 분납금액(A27)
      *  사업소득 - 연말정산 - 납부금액(A28)   
2) 원천세 이행상황신고서 소득구분항목 추가(부표) : 적용시작~종료일자(2026.1.30 ~ 9999.12.31)
      * 거주자(개인) - 이자배당소득 - 비과세소득 - (C98)청년도약계좌
      * 거주자(개인) - 이자배당소득 - 비과세소득 - (C99)청년미래적금
      * 거주자(개인) - 이자배당소득 - 세금우대 - (CA1)조합 등 예탁금(5%)
      * 거주자(개인) - 이자배당소득 - 세금우대 - (CA2)조합 등 출자금(5%)
      * 거주자(개인) - 이자배당소득 - 세금우대 - (CA3)조합 등 예탁금(9%)
      * 거주자(개인) - 이자배당소득 - 세금우대 - (CA4)조합 등 출자금(9%)
      * 거주자(개인) - 이자배당소득 - 일반세율(14%)분리과세 -  (CA5)개인투자용국채
3) 화성시 행정구역 개편에 따른 법정동코드 변경 (2026.2.1.부터 적용)
4) 주민세종업원분 육아휴직대체근무인력과세제외(2026년개정)  
[MD5]: 370F8F8D222CF7A54A38E0D1CBBA0709"
1050,2026-03-19,PAT260319_141937_0000_9999,BIZENTRO,JEILMNS,[원천세][v6x]원천세 패치 사항(SQL),확정,0,28,0,28,2026-05-08 11:38:14,50,정상,82,대사됨,,일치,"[원천세][v6x]원천세 패치 사항(SQL)
[MD5]: E7299B89CAB23F74DC128490D4B9F7A6"
1052,2026-03-30,PAT260330_170251_0000_9999,BIZENTRO,JEILMNS,[원천세][v6x]원천세 패치 사항,확정,0,3,1,4,2026-05-08 11:38:16,39,정상,83,대사됨,,일치,"[v6.x]
1.  주민세(종업원분)자동생성 
2.  원천징수이행상황신고저장
3.  원천징수이행상황신고출력  
4.  사업기타소득영수증출력-이자배당
[MD5]: D85D5610FA623F89FB6B828892FCC29D"
1054,2026-03-31,PAT260331_170835_0000_9999,BIZENTRO,JEILMNS,[원천세][v6x]원천세 패치 사항,확정,0,1,0,1,2026-05-08 11:38:16,38,정상,,공지없음,패치에 공지등록 SQL이 없음,일치,"[v6.x]
TX763 원천세자동생성조건 상세조회여부 추가 구문 배포
[MD5]: 2EB67FA8CC4FC31D2B5DCD41BC57218D"
1057,2026-04-07,PAT260407_171422_0000_9999,BIZENTRO,JEILMNS,[원천세][v6x]원천세 패치 사항,확정,2,2,0,4,2026-05-08 11:38:17,31,정상,84,대사됨,,일치,"[v6.x]
1. 원천징수이행상황신고부표: 저장시 인덱스오류 관련 
2. 기타소득정보등록: 과거자료 필요경비세율컬럼 빈값 =>  0  처리  
3. 사업소득정보등록:저장구문 개선

[MD5]: 1944D45B87DC1D6657F27DBFD2C94F18"
1060,2026-04-08,PAT260408_171700_0000_9999,BIZENTRO,JEILMNS,[원천세][v6x]원천세 패치 사항,확정,0,1,1,2,2026-05-08 11:38:17,30,정상,85,대사됨,,일치,"[v6x]
1.원천징수이행상황신고부표: 출력물 개인투자용국책 CA5 코드에 총지급액 오류 개선
[MD5]: 2B39C95D303B36859B3EADAA6BE8B6C5"
1062,2026-04-09,PAT260409_095011_0000_9999,BIZENTRO,JEILMNS,"[세무부가세] 202604 현금매출명세서 서식 개정, 일반과세자부가가치세신고서 가산세 항목 추가건_V5.6",확정,4,9,1,14,2026-05-08 11:38:21,29,정상,86,대사됨,,일치,"※ 패치내역
1. 현금매출명세(TX312MA1)
- 기존 세부내역에 ""세금계산서발행여부"" 필드 추가
- 미디어 콘텐츠 창작업 입력란 추가
2. 일반과세자부가가치세신고서(TX601MA1)
- 세금계산서 가공발급 및 수취 등 가산세 입력 필드 추가
3. 공제받지못할매입세액명세서(TX304MA1)
- 불공제사유구분명 변경 (접대비 -> 기업업무추진비)
[MD5]: 4A3EDE87AF0E80E3233DFC7F38AFAE14"
1063,2026-05-13,PAT260513_163554_999_999,YearEnd,연말정산DB,[연말정산] 2026년 05월 13일 2026 귀속 연말정산 패치,확정,0,12,1,13,2026-05-14 00:01:02,1,정상,,공지없음,연말정산DB 전용 패치 — JEILMNS 공지 대상 아님,일치,"[연말정산] 2026년 05월 13일 2026 귀속 연말정산 패치
[MD5]: 865E59F958670400BE950E19B079E9B0"
1064,2026-05-14,PAT260514_111336_999_999,YearEnd,연말정산DB,[연말정산] 2026년 05월 14일 2026 귀속 연말정산 패치,확정,0,7,0,7,2026-05-15 00:01:02,1,정상,,공지없음,연말정산DB 전용 패치 — JEILMNS 공지 대상 아님,일치,"[연말정산] 2026년 05월 14일 2026 귀속 연말정산 패치
[MD5]: 1029C9217447B357F31D86B672EE4F62"
1066,2026-05-28,PAT260528_165538_0000_9999,BIZENTRO,JEILMNS,[원천세][v6x]원천세 패치 사항,확정,7,16,2,25,2026-05-29 04:07:45,1,정상,87,대사됨,,일치,"[v6.x]
1. 지방소득세특별징수분납부/신고서: 마감기능 추가  
2. 년도별개인사업소득조회및출력(TJ209OA1_1, TJ209OA1_2) 법인세 출력되도록 개선
3. 사업기타소득자등록시, 비거주자소득구분에 따른 과세구분(세율) 등록가능 
4. 원천징수이행상황부표  자동생성항목 추가     
[MD5]: A0DE869AC43D9CD75F130CE9947D084B"
1068,2026-06-04,PAT260604_161801_0000_9999,BIZENTRO,JEILMNS,[원천세][v6x]원천세 패치 사항,확정,1,3,0,4,2026-06-05 04:07:49,1,정상,88,대사됨,,일치,"[6.x]
1. 지방소득세특별징수분납부/신고서: 상단그리드 가감조정액 표시로 원복 
   (2026.05.28 패치 시, 상단그리드 가감조정액 미표시적용)   
[MD5]: B13175414722254FA4704229D5D968FA"
1070,2026-06-10,PAT260610_163908_0000_9999,BIZENTRO,JEILMNS,[원천세][v6x]원천세 패치 사항,확정,1,1,0,2,2026-06-11 04:07:58,1,정상,89,대사됨,,일치,"[6.x]
지방소득세(특별징수분)납부/신고서 : 파일생성  

현재) 왼쪽 사업장선택하는 대로 파일생성을 사업장별로 각각해야함.  
(2026.05.28일 패치시, 일괄납부여부 조건없앰으로 인한현상)  

개선) 상단 신고사업장  선택하지 않으면, 전체 사업장에 대해 일괄생성
상단 신고사업장 선택하면 선택한 사업장에 대해서만 파일생성 

[MD5]: C703F4E3609037D30329B99FA436FCAF"
1071,2026-07-01,PAT260701_163700_999_999,YearEnd,연말정산DB,[연말정산] 2026년 07월 01일 2026 귀속 연말정산 패치,확정,0,17,1,18,2026-07-02 00:00:54,1,정상,,공지없음,연말정산DB 전용 패치 — JEILMNS 공지 대상 아님,일치,"[연말정산] 2026년 07월 01일 2026 귀속 연말정산 패치
[MD5]: 7EB0B3E206712B1486EB12FC7651E9DA"
1073,2026-07-08,PAT260708_161505_0000_9999,BIZENTRO,JEILMNS,[원천세][v6x]원천세 패치 사항,확정,1,8,0,9,2026-07-09 04:08:20,1,정상,90,대사됨,,일치,"[v6.x]
1.  지방소득세(특별징수분)납부/신고서
현재) 상단 계 : 가감조정액이 반영된 값으로 관리됨 
개선) 상단 계 : 가감조정액을 반영하지 않은 소득의 주민세 합계로 관리 

2. 법정동코드변경 
 - 전남광주통합특별시 출범에 따른 자치단체 코드 변경
 - 인천광역시 행정체제 개편에 따른 자치단체 코드 변경

[MD5]: 0CBD56C7C684423361E50A6BEF39A391"
1075,2026-07-20,PAT260720_112943_0000_9999,BIZENTRO,JEILMNS,"[세무부가세] 202607 전자신고 세액공제 금액 변경, 현금매출명세서 세금계산서 오류검증 추가의건_V5.6",확정,3,1,0,4,2026-07-21 04:08:28,1,정상,91,대사됨,,일치,"※ 패치내역
1. 일반과세자부가가치세신고서(TX601MA1)
- 전자신고 세액공제 금액 변경(1만원 → 5천원) 4월 이후 폐업자 확정신고 부터 적용
2. 현금매출명세(TX312MA1)
- 세금계산서(건수, 금액)은 매출처별 세금계산서합계표 주민번호 발행분(건수, 금액) 한도내에서만 입력 가능
[MD5]: FB5E39CDEBC300F0C313DCAD0F718487"
1076,2026-08-05,PAT260805_163658_999_999,YearEnd,혼합,[연말정산] 2026년 08월 05일 2026 귀속 연말정산 패치,확정,0,21,1,22,2026-08-06 00:00:27,1,정상,,공지없음,연말정산 혼합 패치 — JEILMNS 공지 미등록,일치,"[연말정산] 2026년 08월 05일 2026 귀속 연말정산 패치
[MD5]: F93C2C0299D3691425340E9295DEFC0A"
1077,2026-08-06,PAT260806_134231_999_999,YearEnd,연말정산DB,[연말정산] 2026년 08월 06일 2026 귀속 연말정산 패치,확정,0,2,0,2,2026-08-07 00:01:20,1,정상,,공지없음,연말정산DB 전용 패치 — JEILMNS 공지 대상 아님,일치,"[연말정산] 2026년 08월 06일 2026 귀속 연말정산 패치
[MD5]: 45C4A2456231E5772EC03124110BAF18"
1078,2026-08-19,PAT260819_162450_999_999,YearEnd,연말정산DB,[연말정산] 2026년 08월 19일 2026 귀속 연말정산 패치,확정,0,2,1,3,2026-08-20 00:00:55,1,정상,,공지없음,연말정산DB 전용 패치 — JEILMNS 공지 대상 아님,일치,"[연말정산] 2026년 08월 19일 2026 귀속 연말정산 패치
[MD5]: 01ED0B3CED2A00021163390BD375B126"
1080,2026-09-16,PAT260916_170714_0000_9999,BIZENTRO,JEILMNS,[원천세][v6x]원천세 패치 사항,확정,4,6,1,11,2026-09-17 04:09:09,1,정상,92,대사됨,,일치,"[v6.x]
1.  지방소득세특별징수분  
===============================================================
상단계 : 과세표준액과 주민세액(조정세액)  = 가감조정액을 반영한 금액으로 처리  

 2026.07.08일자 패치 시  
상단계 주민세 액은  가감조정액을 반영하지 않은 금액으로 관리하도록 변경된 내용이  
과세표준액 계( 가감조정액 포함금액),  주민세액계(가감조정액 미포함금액)  이 되어,   
조회시 혼란이 야기되고 있어,  해당금액을  기존대로 원복조치합니다.  

상단계 :  과세표준액계 와,  주민세액계  모두  가감조정액 반영된 금액으로 조회   Z07 
===============================================================

2. 법정동코드변경 
전남광주통합특별시 출범에 따른 자치단체 코드 변경
인천광역시 행정체제 개편에 따른 자치단체 코드 변경

3. 기타소득영수증 : 2018년이전  출력물 개선 
4. 사업기타소득자등록: 과세구분  미표시 개선   

[MD5]: 58220E9B565839476DC7C6135DFCAA64"
